{
	"credit": "Made with Blockbench",
	"texture_size": [128, 128],
	"textures": {
		"0": "item/random/slot-machine",
		"particle": "item/random/slot-machine"
	},
	"elements": [
		{
			"from": [11, 5, -4],
			"to": [27, 11, 16],
			"rotation": {"angle": 0, "axis": "y", "origin": [19, 0, 8]},
			"faces": {
				"north": {"uv": [8.25, 6.625, 10.25, 7.375], "texture": "#0"},
				"east": {"uv": [0, 7.625, 2.5, 8.375], "texture": "#0"},
				"south": {"uv": [7, 8.25, 9, 9], "texture": "#0"},
				"west": {"uv": [2.5, 7.625, 5, 8.375], "texture": "#0"},
				"up": {"uv": [2, 2.5, 0, 0], "texture": "#0"},
				"down": {"uv": [4, 0, 2, 2.5], "texture": "#0"}
			}
		},
		{
			"from": [11, -9, 0],
			"to": [27, 5, 16],
			"rotation": {"angle": 0, "axis": "y", "origin": [19, 0, 8]},
			"faces": {
				"north": {"uv": [4, 4, 6, 5.75], "texture": "#0"},
				"east": {"uv": [0, 4.75, 2, 6.5], "texture": "#0"},
				"south": {"uv": [2, 4.75, 4, 6.5], "texture": "#0"},
				"west": {"uv": [4, 5.75, 6, 7.5], "texture": "#0"},
				"up": {"uv": [6, 2, 4, 0], "texture": "#0"},
				"down": {"uv": [6, 2, 4, 4], "texture": "#0"}
			}
		},
		{
			"from": [11, 11, 7],
			"to": [27, 25, 16],
			"rotation": {"angle": 0, "axis": "y", "origin": [19, 0, 8]},
			"faces": {
				"north": {"uv": [6, 0, 8, 1.75], "texture": "#0"},
				"east": {"uv": [6, 6.5, 7.125, 8.25], "texture": "#0"},
				"south": {"uv": [6, 1.75, 8, 3.5], "texture": "#0"},
				"west": {"uv": [7.125, 6.5, 8.25, 8.25], "texture": "#0"},
				"up": {"uv": [2, 7.625, 0, 6.5], "texture": "#0"},
				"down": {"uv": [4, 6.5, 2, 7.625], "texture": "#0"}
			}
		},
		{
			"from": [26.85, 9, -5],
			"to": [27.1, 17, 9],
			"rotation": {"angle": -22.5, "axis": "x", "origin": [27, 14, 3]},
			"faces": {
				"north": {"uv": [6.75, 9.125, 6.875, 10.125], "texture": "#0"},
				"east": {"uv": [8, 0, 9.75, 1], "texture": "#0"},
				"south": {"uv": [6.875, 9.125, 7, 10.125], "texture": "#0"},
				"west": {"uv": [8, 1, 9.75, 2], "texture": "#0"},
				"up": {"uv": [5.125, 10.875, 5, 9.125], "texture": "#0"},
				"down": {"uv": [5.25, 9.125, 5.125, 10.875], "texture": "#0"}
			}
		},
		{
			"from": [10.775, 9, -5],
			"to": [11.125, 17, 9],
			"rotation": {"angle": -22.5, "axis": "x", "origin": [27, 14, 3]},
			"faces": {
				"north": {"uv": [1.25, 9.25, 1.375, 10.25], "texture": "#0"},
				"east": {"uv": [8, 2, 9.75, 3], "texture": "#0"},
				"south": {"uv": [1.375, 9.25, 1.5, 10.25], "texture": "#0"},
				"west": {"uv": [8, 3, 9.75, 4], "texture": "#0"},
				"up": {"uv": [5.375, 10.875, 5.25, 9.125], "texture": "#0"},
				"down": {"uv": [5.5, 9.125, 5.375, 10.875], "texture": "#0"}
			}
		},
		{
			"from": [11, 25, 4],
			"to": [27, 32, 16],
			"rotation": {"angle": 0, "axis": "y", "origin": [19, 0, 8]},
			"faces": {
				"north": {"uv": [8, 4, 10, 4.875], "texture": "#0"},
				"east": {"uv": [8.25, 7.375, 9.75, 8.25], "texture": "#0"},
				"south": {"uv": [8, 4.875, 10, 5.75], "texture": "#0"},
				"west": {"uv": [0, 8.375, 1.5, 9.25], "texture": "#0"},
				"up": {"uv": [8, 5, 6, 3.5], "texture": "#0"},
				"down": {"uv": [8, 5, 6, 6.5], "texture": "#0"}
			}
		},
		{
			"from": [10.85, 22.69349, -10.40441],
			"to": [27.15, 29.69349, -6.40441],
			"rotation": {"angle": 22.5, "axis": "x", "origin": [19, -2.30651, 4.59559]},
			"faces": {
				"north": {"uv": [5, 8.25, 7, 9.125], "texture": "#0"},
				"east": {"uv": [4.5, 8.375, 5, 9.25], "texture": "#0"},
				"south": {"uv": [8.25, 5.75, 10.25, 6.625], "texture": "#0"},
				"west": {"uv": [9, 8.75, 9.5, 9.625], "texture": "#0"},
				"up": {"uv": [4.5, 8.875, 2.5, 8.375], "texture": "#0"},
				"down": {"uv": [4.5, 8.875, 2.5, 9.375], "texture": "#0"}
			}
		},
		{
			"from": [11.025, 12, 4],
			"to": [26.975, 30, 8],
			"rotation": {"angle": 22.5, "axis": "x", "origin": [19, 20, -1]},
			"faces": {
				"north": {"uv": [0, 2.5, 2, 4.75], "texture": "#0"},
				"east": {"uv": [1.5, 8.375, 2, 10.625], "texture": "#0"},
				"south": {"uv": [2, 2.5, 4, 4.75], "texture": "#0"},
				"west": {"uv": [2, 8.375, 2.5, 10.625], "texture": "#0"},
				"up": {"uv": [9, 9.5, 7, 9], "texture": "#0"},
				"down": {"uv": [11, 8.25, 9, 8.75], "texture": "#0"}
			}
		},
		{
			"from": [24.025, 16, 3],
			"to": [24.975, 24, 4],
			"rotation": {"angle": 22.5, "axis": "x", "origin": [19, 20, -1]},
			"faces": {
				"north": {"uv": [0, 9.5, 0.125, 10.5], "texture": "#0"},
				"east": {"uv": [0.125, 9.5, 0.25, 10.5], "texture": "#0"},
				"south": {"uv": [0.25, 9.5, 0.375, 10.5], "texture": "#0"},
				"west": {"uv": [0.375, 9.5, 0.5, 10.5], "texture": "#0"},
				"up": {"uv": [5.125, 8.25, 5, 8.125], "texture": "#0"},
				"down": {"uv": [5.25, 8.125, 5.125, 8.25], "texture": "#0"}
			}
		},
		{
			"from": [13.025, 16, 3],
			"to": [13.975, 24, 4],
			"rotation": {"angle": 22.5, "axis": "x", "origin": [19, 20, -1]},
			"faces": {
				"north": {"uv": [0.5, 9.5, 0.625, 10.5], "texture": "#0"},
				"east": {"uv": [0.625, 9.5, 0.75, 10.5], "texture": "#0"},
				"south": {"uv": [0.75, 9.5, 0.875, 10.5], "texture": "#0"},
				"west": {"uv": [0.875, 9.5, 1, 10.5], "texture": "#0"},
				"up": {"uv": [4.625, 9.375, 4.5, 9.25], "texture": "#0"},
				"down": {"uv": [4.75, 9.25, 4.625, 9.375], "texture": "#0"}
			}
		},
		{
			"from": [17.025, 16, 3],
			"to": [17.975, 24, 4],
			"rotation": {"angle": 22.5, "axis": "x", "origin": [19, 20, -1]},
			"faces": {
				"north": {"uv": [1, 9.5, 1.125, 10.5], "texture": "#0"},
				"east": {"uv": [1.125, 9.5, 1.25, 10.5], "texture": "#0"},
				"south": {"uv": [2.5, 9.5, 2.625, 10.5], "texture": "#0"},
				"west": {"uv": [2.625, 9.5, 2.75, 10.5], "texture": "#0"},
				"up": {"uv": [4.875, 9.375, 4.75, 9.25], "texture": "#0"},
				"down": {"uv": [5, 9.25, 4.875, 9.375], "texture": "#0"}
			}
		},
		{
			"from": [20.025, 16, 3],
			"to": [20.975, 24, 4],
			"rotation": {"angle": 22.5, "axis": "x", "origin": [19, 20, -1]},
			"faces": {
				"north": {"uv": [2.75, 9.5, 2.875, 10.5], "texture": "#0"},
				"east": {"uv": [2.875, 9.5, 3, 10.5], "texture": "#0"},
				"south": {"uv": [3, 9.5, 3.125, 10.5], "texture": "#0"},
				"west": {"uv": [3.125, 9.5, 3.25, 10.5], "texture": "#0"},
				"up": {"uv": [7.125, 9.625, 7, 9.5], "texture": "#0"},
				"down": {"uv": [7.25, 9.5, 7.125, 9.625], "texture": "#0"}
			}
		},
		{
			"from": [14.025, 16, 3],
			"to": [23.975, 17, 4],
			"rotation": {"angle": 22.5, "axis": "x", "origin": [19, 20, -1]},
			"faces": {
				"north": {"uv": [4, 7.5, 5.25, 7.625], "texture": "#0"},
				"east": {"uv": [7.25, 9.5, 7.375, 9.625], "texture": "#0"},
				"south": {"uv": [5.5, 9.125, 6.75, 9.25], "texture": "#0"},
				"west": {"uv": [7.375, 9.5, 7.5, 9.625], "texture": "#0"},
				"up": {"uv": [1.25, 9.375, 0, 9.25], "texture": "#0"},
				"down": {"uv": [6.75, 9.25, 5.5, 9.375], "texture": "#0"}
			}
		},
		{
			"from": [14.025, 23, 3],
			"to": [23.975, 24, 4],
			"rotation": {"angle": 22.5, "axis": "x", "origin": [19, 20, -1]},
			"faces": {
				"north": {"uv": [0, 9.375, 1.25, 9.5], "texture": "#0"},
				"east": {"uv": [7.5, 9.5, 7.625, 9.625], "texture": "#0"},
				"south": {"uv": [2.5, 9.375, 3.75, 9.5], "texture": "#0"},
				"west": {"uv": [7.625, 9.5, 7.75, 9.625], "texture": "#0"},
				"up": {"uv": [5, 9.5, 3.75, 9.375], "texture": "#0"},
				"down": {"uv": [6.75, 9.375, 5.5, 9.5], "texture": "#0"}
			}
		},
		{
			"from": [14, 9.5, -2],
			"to": [15, 11.5, -1],
			"rotation": {"angle": 0, "axis": "y", "origin": [19, 8, 8]},
			"faces": {
				"north": {"uv": [8, 6, 8.125, 6.25], "texture": "#0"},
				"east": {"uv": [8, 6.25, 8.125, 6.5], "texture": "#0"},
				"south": {"uv": [8.125, 6, 8.25, 6.25], "texture": "#0"},
				"west": {"uv": [8.125, 6.25, 8.25, 6.5], "texture": "#0"},
				"up": {"uv": [7.875, 9.625, 7.75, 9.5], "texture": "#0"},
				"down": {"uv": [8, 9.5, 7.875, 9.625], "texture": "#0"}
			}
		},
		{
			"from": [15, 9.5, -3],
			"to": [16, 11.5, -2],
			"rotation": {"angle": 0, "axis": "y", "origin": [19, 8, 8]},
			"faces": {
				"north": {"uv": [3.25, 9.5, 3.375, 9.75], "texture": "#0"},
				"east": {"uv": [3.375, 9.5, 3.5, 9.75], "texture": "#0"},
				"south": {"uv": [3.5, 9.5, 3.625, 9.75], "texture": "#0"},
				"west": {"uv": [3.625, 9.5, 3.75, 9.75], "texture": "#0"},
				"up": {"uv": [8.125, 9.625, 8, 9.5], "texture": "#0"},
				"down": {"uv": [8.25, 9.5, 8.125, 9.625], "texture": "#0"}
			}
		},
		{
			"from": [17, 9.5, -3],
			"to": [18, 11.5, -2],
			"rotation": {"angle": 0, "axis": "y", "origin": [19, 8, 8]},
			"faces": {
				"north": {"uv": [3.75, 9.5, 3.875, 9.75], "texture": "#0"},
				"east": {"uv": [3.875, 9.5, 4, 9.75], "texture": "#0"},
				"south": {"uv": [4, 9.5, 4.125, 9.75], "texture": "#0"},
				"west": {"uv": [4.125, 9.5, 4.25, 9.75], "texture": "#0"},
				"up": {"uv": [8.375, 9.625, 8.25, 9.5], "texture": "#0"},
				"down": {"uv": [8.5, 9.5, 8.375, 9.625], "texture": "#0"}
			}
		},
		{
			"from": [16, 9.5, -2],
			"to": [17, 11.5, -1],
			"rotation": {"angle": 0, "axis": "y", "origin": [19, 8, 8]},
			"faces": {
				"north": {"uv": [4.25, 9.5, 4.375, 9.75], "texture": "#0"},
				"east": {"uv": [4.375, 9.5, 4.5, 9.75], "texture": "#0"},
				"south": {"uv": [4.5, 9.5, 4.625, 9.75], "texture": "#0"},
				"west": {"uv": [4.625, 9.5, 4.75, 9.75], "texture": "#0"},
				"up": {"uv": [8.625, 9.625, 8.5, 9.5], "texture": "#0"},
				"down": {"uv": [8.75, 9.5, 8.625, 9.625], "texture": "#0"}
			}
		},
		{
			"from": [18, 9.5, -2],
			"to": [19, 11.5, -1],
			"rotation": {"angle": 0, "axis": "y", "origin": [19, 8, 8]},
			"faces": {
				"north": {"uv": [4.75, 9.5, 4.875, 9.75], "texture": "#0"},
				"east": {"uv": [4.875, 9.5, 5, 9.75], "texture": "#0"},
				"south": {"uv": [5.5, 9.5, 5.625, 9.75], "texture": "#0"},
				"west": {"uv": [5.625, 9.5, 5.75, 9.75], "texture": "#0"},
				"up": {"uv": [8.875, 9.625, 8.75, 9.5], "texture": "#0"},
				"down": {"uv": [9.625, 8.75, 9.5, 8.875], "texture": "#0"}
			}
		},
		{
			"from": [21, 9.5, -3],
			"to": [23, 11.5, -1],
			"rotation": {"angle": 0, "axis": "y", "origin": [19, 8, 8]},
			"faces": {
				"north": {"uv": [5.25, 7.5, 5.5, 7.75], "texture": "#0"},
				"east": {"uv": [5.5, 7.5, 5.75, 7.75], "texture": "#0"},
				"south": {"uv": [5.75, 7.5, 6, 7.75], "texture": "#0"},
				"west": {"uv": [5, 7.625, 5.25, 7.875], "texture": "#0"},
				"up": {"uv": [5.5, 8, 5.25, 7.75], "texture": "#0"},
				"down": {"uv": [5.75, 7.75, 5.5, 8], "texture": "#0"}
			}
		},
		{
			"from": [21.6, 10.86, -2.32],
			"to": [22.44, 12.54, -1.48],
			"rotation": {"angle": 0, "axis": "y", "origin": [12.28, 7, 1.28]},
			"faces": {
				"north": {"uv": [5.75, 9.5, 5.875, 9.75], "texture": "#0"},
				"east": {"uv": [5.875, 9.5, 6, 9.75], "texture": "#0"},
				"south": {"uv": [6, 9.5, 6.125, 9.75], "texture": "#0"},
				"west": {"uv": [6.125, 9.5, 6.25, 9.75], "texture": "#0"},
				"up": {"uv": [9, 9.625, 8.875, 9.5], "texture": "#0"},
				"down": {"uv": [9.625, 8.875, 9.5, 9], "texture": "#0"}
			}
		},
		{
			"from": [21.43, 12.54, -2.49],
			"to": [22.61, 14.22, -1.31],
			"rotation": {"angle": 0, "axis": "y", "origin": [12.28, 7, 1.28]},
			"faces": {
				"north": {"uv": [6.25, 9.5, 6.375, 9.75], "texture": "#0"},
				"east": {"uv": [6.375, 9.5, 6.5, 9.75], "texture": "#0"},
				"south": {"uv": [6.5, 9.5, 6.625, 9.75], "texture": "#0"},
				"west": {"uv": [6.625, 9.5, 6.75, 9.75], "texture": "#0"},
				"up": {"uv": [9.625, 9.125, 9.5, 9], "texture": "#0"},
				"down": {"uv": [9.625, 9.125, 9.5, 9.25], "texture": "#0"}
			}
		},
		{
			"from": [11, 7, 0],
			"to": [13, 9, 2],
			"rotation": {"angle": 0, "axis": "y", "origin": [11, 7, 0]},
			"faces": {
				"north": {"uv": [5.75, 7.75, 6, 8], "texture": "#0"},
				"east": {"uv": [5, 7.875, 5.25, 8.125], "texture": "#0"},
				"south": {"uv": [5.25, 8, 5.5, 8.25], "texture": "#0"},
				"west": {"uv": [5.5, 8, 5.75, 8.25], "texture": "#0"},
				"up": {"uv": [6, 8.25, 5.75, 8], "texture": "#0"},
				"down": {"uv": [8.25, 5.75, 8, 6], "texture": "#0"}
			}
		}
	],
	"gui_light": "front",
	"display": {
		"thirdperson_righthand": {
			"rotation": [67, 120, 0],
			"translation": [0, 5.25, 4.75],
			"scale": [0.34, 0.34, 0.34]
		},
		"thirdperson_lefthand": {
			"rotation": [67, 120, 0],
			"translation": [0, 5.25, 4.75],
			"scale": [0.34, 0.34, 0.34]
		},
		"firstperson_righthand": {
			"rotation": [0, 120, 0],
			"translation": [0, 5.25, 0],
			"scale": [0.19, 0.19, 0.19]
		},
		"firstperson_lefthand": {
			"rotation": [0, 120, 0],
			"translation": [0, 5.25, 0],
			"scale": [0.19, 0.19, 0.19]
		},
		"ground": {
			"translation": [0, 11, 0],
			"scale": [0.31, 0.31, 0.31]
		},
		"gui": {
			"rotation": [19, -154, 0],
			"translation": [0.5, 1.25, 0],
			"scale": [0.41, 0.41, 0.41]
		},
		"head": {
			"translation": [0, -80, 0],
			"scale": [0, 0, 0]
		},
		"fixed": {
			"rotation": [-90, 0, 0],
			"translation": [0, 30.75, -53.75],
			"scale": [2.29, 2.29, 2.29]
		}
	},
	"groups": [
		{
			"name": "group",
			"origin": [1.28, 0, 1.28],
			"color": 0,
			"children": [0, 1, 2, 3, 4, 5, 6, 7, 8, 9, 10, 11, 12, 13, 14, 15, 16, 17, 18, 19, 20, 21, 22]
		}
	]
}