{
    "parent": "item/generated",
    "textures": {
        "layer0": "item/feather"
    },
	"overrides": [
                {"predicate": {"custom_model_data":1},"model": "item/hats/tikihat"},
				{"predicate": {"custom_model_data":2},"model": "item/hats/witch_hat"},
				{"predicate": {"custom_model_data":3},"model": "item/hats/vikinghat"},
				{"predicate": {"custom_model_data":4},"model": "item/hats/vikinghat2"},
				{"predicate": {"custom_model_data":5},"model": "item/hats/vikinghat3"},
				{"predicate": {"custom_model_data":6},"model": "item/hats/chapka"},
				{"predicate": {"custom_model_data":7},"model": "item/hats/bluebeanie"},
				{"predicate": {"custom_model_data":8},"model": "item/hats/dino"},
				{"predicate": {"custom_model_data":9},"model": "item/hats/sunglasses"},
				{"predicate": {"custom_model_data":10},"model": "item/hats/antlers_2"}


	]
}