{
   "parent":"item/generated",
   "textures":{
      "layer0":"item/paper"
   },
   "overrides":[
      {
         "predicate":{
            "custom_model_data":1
         },
         "model":"item/icons/coin"
      },
      {
         "predicate":{
            "custom_model_data":28
         },
         "model":"item/icons/farmer_hat"
      },
      {
         "predicate":{
            "custom_model_data":29
         },
         "model":"item/icons/wizard_hat"
      },
	  {
         "predicate":{
            "custom_model_data":33
         },
         "model":"item/icons/lock/open"
      },
	  {
         "predicate":{
            "custom_model_data":34
         },
         "model":"item/icons/lock/closed"
      },
	  {
         "predicate":{
            "custom_model_data":35
         },
         "model":"item/icons/lock/treasure_chest"
      }
   ]
}