{
    "parent": "item/handheld",
    "textures": {
        "layer0": "item/stick"
    },
	"overrides": [
		{"predicate": {"custom_model_data":1}, "model": "item/settings/enabled"},
		{"predicate": {"custom_model_data":2}, "model": "item/settings/disabled"},
		{"predicate": {"custom_model_data":3}, "model": "item/settings/settings-fill"},
		{"predicate": {"custom_model_data":4}, "model": "item/rift/locked"},
		{"predicate": {"custom_model_data":5}, "model": "item/rift/mission_complete"},
		{"predicate": {"custom_model_data":6}, "model": "item/rift/mission_start"},
		{"predicate": {"custom_model_data":7}, "model": "item/rift/mission_started"},
		{"predicate": {"custom_model_data":8}, "model": "item/icons2/barrier"},
		{"predicate": {"custom_model_data":113}, "model": "item/logo/open"},
		{"predicate": {"custom_model_data":114}, "model": "item/logo/banknote"},
		{"predicate": {"custom_model_data":115}, "model": "item/upgrades/level1"},
		{"predicate": {"custom_model_data":116}, "model": "item/upgrades/level2"},
		{"predicate": {"custom_model_data":117}, "model": "item/upgrades/level3"},
		{"predicate": {"custom_model_data":118}, "model": "item/upgrades/level4"},
		{"predicate": {"custom_model_data":119}, "model": "item/upgrades/levelunlocked"},
		{"predicate": {"custom_model_data":120}, "model": "item/upgrades/levellocked"},
		{"predicate": {"custom_model_data":141}, "model": "item/icons/daily"},
		{"predicate": {"custom_model_data":142}, "model": "item/icons/balanced"},
		{"predicate": {"custom_model_data":143}, "model": "item/icons/diversity"},
		{"predicate": {"custom_model_data":144}, "model": "item/icons/epic"},
		{"predicate": {"custom_model_data":145}, "model": "item/icons/easy"},
		{"predicate": {"custom_model_data":146}, "model": "item/icons/medium"},
		{"predicate": {"custom_model_data":147}, "model": "item/icons/hard"},
		{"predicate": {"custom_model_data":148}, "model": "item/icons/40"},
		{"predicate": {"custom_model_data":200}, "model": "item/jobs/brewer"},
		{"predicate": {"custom_model_data":201}, "model": "item/jobs/builder"},
		{"predicate": {"custom_model_data":202}, "model": "item/jobs/cook"},
		{"predicate": {"custom_model_data":203}, "model": "item/jobs/crafter"},
		{"predicate": {"custom_model_data":204}, "model": "item/jobs/enchanter"},
		{"predicate": {"custom_model_data":205}, "model": "item/jobs/engineer"},
		{"predicate": {"custom_model_data":206}, "model": "item/jobs/explorer"},
		{"predicate": {"custom_model_data":207}, "model": "item/jobs/farmer"},
		{"predicate": {"custom_model_data":208}, "model": "item/jobs/fisherman"},
		{"predicate": {"custom_model_data":209}, "model": "item/jobs/hunter"},
		{"predicate": {"custom_model_data":210}, "model": "item/jobs/miner"},
		{"predicate": {"custom_model_data":211}, "model": "item/jobs/weaponsmith"},
		{"predicate": {"custom_model_data":212}, "model": "item/jobs/woodcutter"},
		{"predicate": {"custom_model_data":213}, "model": "item/jobs/digger"},
		{"predicate": {"custom_model_data":300}, "model": "item/auctions/armor"},
		{"predicate": {"custom_model_data":301}, "model": "item/auctions/blocks"},
		{"predicate": {"custom_model_data":302}, "model": "item/auctions/consumables"},
		{"predicate": {"custom_model_data":303}, "model": "item/auctions/others"},
		{"predicate": {"custom_model_data":304}, "model": "item/auctions/tools"},
		{"predicate": {"custom_model_data":305}, "model": "item/auctions/weapons"},
		{"predicate": {"custom_model_data":306}, "model": "item/auctions/next_page"},
		{"predicate": {"custom_model_data":307}, "model": "item/auctions/previous_page"},
		{"predicate": {"custom_model_data":308}, "model": "item/auctions/sort"},
		{"predicate": {"custom_model_data":309}, "model": "item/auctions/filter"},
		{"predicate": {"custom_model_data":310}, "model": "item/auctions/search"},
		{"predicate": {"custom_model_data":311}, "model": "item/auctions/back"},
		{"predicate": {"custom_model_data":312}, "model": "item/auctions/ahmanager"},
		{"predicate": {"custom_model_data":313}, "model": "item/auctions/ahduration"},
		{"predicate": {"custom_model_data":314}, "model": "item/auctions/ahstartingbid"},
		{"predicate": {"custom_model_data":315}, "model": "item/auctions/ahnoitem"},
		{"predicate": {"custom_model_data":316}, "model": "item/auctions/ahcreate"},
		{"predicate": {"custom_model_data":317}, "model": "item/auctions/ahswitch"},
		{"predicate": {"custom_model_data":500}, "model": "item/random/slot-machine"},
		{"predicate": {"custom_model_data":26052003}, "model": "item/sefa/winterville"}
	]
}
