{
    "parent": "item/handheld",
    "textures": {
        "layer0": "item/wooden_pickaxe"
    },
	"overrides": [
		{"predicate": {"custom_model_data":2003}, "model": "item/sefa/ice_pickaxe"},
		{"predicate": {"custom_model_data":2004}, "model": "item/sefa/iced_pickaxe"},
		{"predicate": {"custom_model_data":2005}, "model": "item/sefa/ruby_pickaxe"},
		{"predicate": {"custom_model_data":2006}, "model": "item/sefa/obsidian_pickaxe"},
		{"predicate": {"custom_model_data":2007}, "model": "item/sefa/amethyst_pickaxe"}
		
    ]
    
}