{
    "parent": "item/handheld",
    "textures": {
        "layer0": "item/wooden_pickaxe"
    },
	"overrides": [
		{"predicate": {"custom_model_data":2003}, "model": "item/sefa/ice_pickaxe"}
    ],
    "display": {
        "firstperson_righthand": {
          "translation": [ 0, 1, -3 ],
          "rotation": [ 45, 90, 0 ],
          "scale": [ 2, 2, 1 ]
        },
        "thirdperson_righthand": {
          "translation": [ 0, 4, 2],
          "rotation": [ 45, 90, 0 ],
          "scale": [ 2, 2, 1 ]
        },
        "firstperson_leftthand": {
          "translation": [ 0, 1, -3 ],
          "rotation": [ -45, 90, 0 ],
          "scale": [ 2, 2, 1 ]
        },
        "thirdperson_lefthand": {
          "translation": [ 0, 4, 2 ],
          "rotation": [ -45, 90, 0 ],
          "scale": [ 2, 2, 1 ]
        }
      }
}