{
    "parent": "item/generated",
    "textures": {
        "layer0": "item/sefa/ice_axe"
    },
	"display": {
        "firstperson_righthand": {
          "translation": [ 0, 1, -3 ],
          "rotation": [ -45, 90, 0 ],
          "scale": [ 1, 1, 0.75 ]
        },
        "thirdperson_righthand": {
          "translation": [ 0, 4, 2],
          "rotation": [ -45, -90, 0 ],
          "scale": [ 1, 1, 0.75 ]
        },
        "firstperson_leftthand": {
          "translation": [ 0, 1, -3 ],
          "rotation": [ 45, 90, 0 ],
          "scale": [ 1, 1, 0.75 ]
        },
        "thirdperson_lefthand": {
          "translation": [ 0, 4, 2 ],
          "rotation": [ 45, -90, 0 ],
          "scale": [ 1, 1, 0.75 ]
        }
      }
}